Order,area,price,OverallQual,OverallCond,YearBuilt,BsmtFinSF1,X1stFlrSF,X2ndFlrSF
1,1710,208500,7,5,2003,706,856,854
2,1262,181500,6,8,1976,978,1262,0
3,1786,223500,7,5,2001,486,920,866
4,1717,140000,7,5,1915,216,961,756
5,2198,250000,8,5,2000,655,1145,1053
6,1362,143000,5,5,1993,732,796,566
7,1694,307000,8,5,2004,1369,1694,0
8,2090,200000,7,6,1973,859,1107,983
9,1774,129900,7,5,1931,0,1022,752
10,1077,118000,5,6,1939,851,1077,0
11,1040,129500,5,5,1965,906,1040,0
12,2324,345000,9,5,2005,998,1182,1142
13,912,144000,5,6,1962,737,912,0
14,1494,279500,7,5,2006,0,1494,0
15,1253,157000,6,5,1960,733,1253,0
16,854,132000,7,8,1929,0,854,0
17,1004,149000,6,7,1970,578,1004,0
18,1296,90000,4,5,1967,0,1296,0
19,1114,159000,5,5,2004,646,1114,0
20,1339,139000,5,6,1958,504,1339,0
21,2376,325300,8,5,2005,0,1158,1218
22,1108,139400,7,7,1930,0,1108,0
23,1795,230000,8,5,2002,0,1795,0
24,1060,129900,5,7,1976,840,1060,0
25,1060,154000,5,8,1968,188,1060,0
26,1600,256300,8,5,2007,0,1600,0
27,900,134800,5,7,1951,234,900,0
28,1704,306000,8,5,2007,1218,1704,0
29,1600,207500,5,6,1957,1277,1600,0
30,520,68500,4,6,1927,0,520,0
31,1317,40000,4,4,1920,0,649,668
32,1228,149350,5,6,1966,0,1228,0
33,1234,179900,8,5,2007,0,1234,0
34,1700,165500,5,5,1959,1018,1700,0
35,1561,277500,9,5,2005,1153,1561,0
36,2452,309000,8,5,2004,0,1132,1320
37,1097,145000,5,5,1994,0,1097,0
38,1297,153000,5,6,1954,1213,1297,0
39,1057,109000,5,7,1953,731,1057,0
40,1152,82000,4,5,1955,0,1152,0
41,1324,160000,6,5,1965,643,1324,0
42,1328,170000,5,6,1959,967,1328,0
43,884,144000,5,7,1983,747,884,0
44,938,130250,5,6,1975,280,938,0
45,1150,141000,5,6,1959,179,1150,0
46,1752,319900,9,5,2005,456,1752,0
47,2149,239686,7,5,2003,1351,1518,631
48,1656,249700,8,5,2006,24,1656,0
49,1452,113000,4,5,1920,0,736,716
50,955,127000,5,7,1966,763,955,0
51,1470,177000,6,6,1997,182,794,676
52,1176,114500,6,6,1934,0,816,0
53,816,110000,5,5,1963,104,816,0
54,1842,385000,9,5,1981,1810,1842,0
55,1360,130000,5,5,1955,384,1360,0
56,1425,180500,6,5,1964,490,1425,0
57,1739,172500,8,5,1999,649,983,756
58,1720,196500,7,5,2004,0,860,860
59,2945,438780,10,5,2006,0,1426,1519
60,780,124900,5,7,1972,632,780,0
61,1158,158000,6,5,2004,941,1158,0
62,1111,101000,5,7,1920,0,581,530
63,1370,202500,8,5,2006,24,1370,0
64,1710,140000,7,6,1921,0,902,808
65,2034,219500,7,5,1997,739,1057,977
66,2473,317000,8,5,2004,0,1143,1330
67,2207,180000,7,5,1970,912,2207,0
68,1479,226000,7,5,2003,1013,1479,0
69,747,80000,4,6,1945,0,747,0
70,2287,225000,7,4,1953,603,1304,983
71,2223,244000,7,6,1973,1880,2223,0
72,845,129500,4,6,1982,565,845,0
73,1718,185000,7,5,1998,0,885,833
74,1086,144900,5,7,1954,320,1086,0
75,1605,107400,3,6,1915,0,840,765
76,988,91000,4,5,1973,462,526,462
77,952,135750,4,7,1956,228,952,0
78,1285,127000,5,5,1948,336,1072,213
79,1768,136500,4,5,1968,0,1768,0
80,1230,110000,5,6,1910,0,682,548
81,2142,193500,6,6,1968,448,1182,960
82,1337,153500,6,5,1998,1201,1337,0
83,1563,245000,8,5,2007,33,1563,0
84,1065,126500,5,5,1960,0,1065,0
85,1474,168500,7,5,1995,0,804,670
86,2417,260000,8,5,1991,0,1301,1116
87,1560,174000,6,5,2005,0,684,876
88,1224,164500,6,5,2009,0,612,612
89,1526,85000,3,2,1915,0,1013,0
90,990,123600,4,5,1994,588,990,0
91,1040,109900,4,5,1950,0,1040,0
92,1235,98600,5,3,1961,600,1235,0
93,964,163500,5,7,1921,713,964,0
94,2291,133900,6,6,1910,1046,1260,1031
95,1786,204750,6,5,1997,648,905,881
96,1470,185000,6,8,1993,310,680,790
97,1588,214000,7,5,1999,1162,1588,0
98,960,94750,4,5,1965,520,960,0
99,835,83000,5,5,1920,108,835,0
100,1225,128950,4,5,1959,569,1225,0
101,1610,205000,6,7,1977,1200,1610,0
102,1732,178000,6,5,1985,0,977,755
103,1535,118964,5,5,1979,0,1535,0
104,1226,198900,7,5,2009,0,1226,0
105,1818,169500,7,4,1931,224,1226,592
106,1992,250000,8,5,2003,0,1053,939
107,1047,100000,4,7,1885,0,1047,0
108,789,115000,5,5,1948,104,789,0
109,1517,115000,5,7,1919,0,997,520
110,1844,190000,6,6,1977,705,1844,0
111,1855,136900,6,4,1954,444,1216,639
112,1430,180000,7,5,2000,250,774,656
113,2696,383970,7,5,2007,984,1282,1414
114,2259,217000,6,5,1953,35,2259,0
115,2320,259500,6,8,1945,774,1436,884
116,1458,176000,6,5,1999,419,729,729
117,1092,139000,5,5,1962,170,1092,0
118,1125,155000,5,5,2006,0,1125,0
119,3222,320000,7,5,1990,1470,1699,1523
120,1456,163990,6,5,2005,0,728,728
121,988,180000,6,5,1969,938,988,0
122,1123,100000,4,5,1939,0,772,351
123,1080,136000,6,7,1958,570,1080,0
124,1199,153900,6,5,1993,300,1199,0
125,1586,181000,6,5,1979,0,1586,0
126,754,84500,6,8,1935,490,520,0
127,958,128000,6,5,1976,120,958,0
128,840,87000,5,7,1930,116,840,0
129,1348,155000,6,5,1966,512,660,688
130,1053,150000,5,7,1958,567,1053,0
131,2157,226000,7,6,1966,445,1216,941
132,2054,244000,6,5,2000,695,1022,1032
133,1327,150750,5,6,1959,405,1327,0
134,1296,220000,8,5,2001,1005,1296,0
135,1721,180000,5,6,1968,570,1721,0
136,1682,174000,7,6,1970,0,1682,0
137,1214,143000,5,5,1967,695,1214,0
138,1959,171000,7,5,1988,0,1959,0
139,1852,230000,8,5,1999,668,1004,848
140,1764,231500,6,5,1997,821,928,836
141,864,115000,4,5,1971,432,864,0
142,1734,260000,7,5,2005,1300,1734,0
143,1385,166000,5,4,1952,507,910,475
144,1501,204000,7,5,1999,679,1501,0
145,1728,125000,5,5,1963,1332,1728,0
146,1709,130000,6,5,2004,0,970,739
147,875,105000,5,7,1931,209,875,0
148,2035,222500,7,5,2001,0,884,1151
149,1080,141000,7,5,2004,680,1080,0
150,1344,115000,5,4,1936,0,896,448
151,969,122000,5,6,1975,716,969,0
152,1710,372402,8,5,2007,1400,1710,0
153,1993,190000,6,5,1971,416,1097,896
154,1252,235000,6,7,1960,429,1252,0
155,1200,125000,6,5,1923,0,1200,0
156,1096,79000,6,5,1924,0,572,524
157,1040,109500,5,7,1950,0,1040,0
158,1968,269500,8,5,2009,0,774,1194
159,1947,254900,7,5,2004,222,991,956
160,2462,320000,7,5,2005,57,1392,1070
161,1232,162500,6,6,1984,660,1232,0
162,2668,412500,9,5,2003,1016,1572,1096
163,1541,220000,7,5,2005,1201,1541,0
164,882,103200,4,6,1956,0,882,0
165,1616,152000,6,7,1926,370,1149,467
166,1355,127500,5,7,1940,351,808,547
167,1867,190000,5,5,1955,379,1867,0
168,2161,325624,8,5,2007,1288,1610,551
169,1720,183500,7,5,2004,0,840,880
170,1707,228000,8,6,1981,0,1707,0
171,1382,128500,5,6,1941,360,854,0
172,1656,215000,6,5,1960,639,1656,0
173,1767,239000,7,7,1987,495,1064,703
174,1362,163000,6,5,1961,288,1362,0
175,1651,184000,6,5,1986,1398,1651,0
176,2158,243000,6,7,1950,477,2158,0
177,2060,211000,6,5,1988,831,1164,896
178,1920,172500,5,5,1958,57,1252,668
179,2234,501837,9,5,2008,1904,2234,0
180,968,100000,5,6,1923,0,968,0
181,1525,177000,6,5,2000,436,769,756
182,1802,200100,7,6,1920,352,901,901
183,1340,120000,5,6,1957,0,1340,0
184,2082,200000,7,5,2003,0,1362,720
185,1252,127000,5,8,1908,0,936,316
186,3608,475000,10,9,1892,0,1518,1518
187,1217,173000,7,5,1990,611,1217,0
188,1656,135000,5,7,1916,0,808,704
189,1224,153337,5,5,1979,1086,1224,0
190,1593,286000,8,5,2001,1153,1593,0
191,2727,315000,8,8,1932,297,1549,1178
192,1479,184000,7,9,1972,626,725,754
193,1431,192000,7,5,1999,560,1431,0
194,1709,130000,7,5,2004,0,970,739
195,864,127000,5,7,1972,390,864,0
196,1456,148500,6,6,1976,566,855,601
197,1726,311872,7,5,2007,1126,1726,0
198,3112,235000,8,4,1918,1036,1360,1360
199,2229,104000,6,6,1912,0,929,929
200,1713,274900,8,5,2004,1088,1713,0
201,1121,140000,4,5,2003,0,1121,0
202,1279,171500,6,6,1977,641,1279,0
203,1310,112000,6,6,1924,617,865,445
204,848,149000,6,5,2004,662,848,0
205,1284,110000,5,7,1947,312,720,564
206,1442,180500,7,5,1990,0,1442,0
207,1696,143900,5,5,1962,0,1696,0
208,1100,141000,4,5,1960,419,1100,0
209,2062,277000,7,5,1988,1065,1180,882
210,1092,145000,6,7,1964,787,1092,0
211,864,98000,5,6,1925,468,864,0
212,1212,186000,6,5,2009,36,1212,0
213,1852,252678,7,5,2009,822,932,920
214,990,156000,5,5,1995,716,990,0
215,1392,161750,6,7,1977,378,689,703
216,1236,134450,5,6,1957,360,1236,0
217,1436,210000,7,5,2004,946,1436,0
218,1328,107000,4,4,1925,0,810,518
219,1954,311500,7,9,1939,341,1137,817
220,1248,167240,7,5,2005,16,1248,0
221,1498,204900,7,5,2006,0,1498,0
222,2267,200000,6,5,2002,0,1010,1257
223,1552,179900,6,6,1975,550,811,741
224,864,97000,4,6,1971,524,864,0
225,2392,386250,10,5,2003,56,2392,0
226,1302,112000,5,5,1971,0,630,672
227,2520,290000,7,5,1995,565,1214,1306
228,987,106000,6,6,1970,321,483,504
229,912,125000,5,5,1967,842,912,0
230,1555,192500,7,5,2005,16,1555,0
231,1194,148000,6,6,1959,0,1194,0
232,2794,403000,8,5,1995,689,1490,1304
233,987,94500,6,5,1972,0,483,504
234,894,128200,5,6,1976,182,894,0
235,1960,216500,6,5,2002,625,860,1100
236,987,89500,6,3,1971,358,483,504
237,1414,185500,7,5,2004,24,1414,0
238,1744,194500,7,7,1993,402,1014,730
239,1694,318000,8,5,2007,0,1694,0
240,1487,113000,6,4,1945,94,798,689
241,1566,262500,8,5,2008,1078,1566,0
242,866,110500,5,9,1945,329,866,0
243,1440,79000,5,4,1900,0,889,551
244,1217,120000,6,6,1980,0,626,591
245,2110,205000,7,5,1994,695,1222,888
246,1872,241500,7,5,1988,929,1872,0
247,1928,137000,6,8,1910,0,908,1020
248,1375,140000,6,5,1954,0,1375,0
249,1668,180000,7,5,2003,0,840,828
250,2144,277000,6,7,1958,697,1444,700
251,1306,76500,3,2,1940,0,1306,0
252,1625,235000,8,5,2006,1573,1625,0
253,1640,173000,6,5,2004,0,798,842
254,1302,158000,6,7,1964,270,1302,0
255,1314,145000,5,6,1957,922,1314,0
256,2291,230000,7,5,1999,0,1005,1286
257,1728,207500,6,5,2003,503,864,864
258,1604,220000,7,5,2006,1334,1604,0
259,1792,231500,7,5,2001,361,963,829
260,882,97000,5,5,1956,0,882,0
261,1382,176000,6,5,1962,672,1382,0
262,2574,276000,8,5,2007,0,1482,1092
263,1212,151000,6,7,1977,506,1212,0
264,1316,130000,5,7,1929,234,926,0
265,764,73000,5,5,1925,0,764,0
266,1422,175500,6,6,1981,588,1422,0
267,1511,185000,6,5,1997,714,802,709
268,2192,179500,5,8,1939,378,1052,720
269,778,120500,5,6,1940,403,778,0
270,1113,148000,6,7,1976,751,1113,0
271,1939,266000,8,5,2006,0,1095,844
272,1363,241500,7,7,1954,226,1363,0
273,2270,290000,8,7,1999,524,1164,1106
274,1632,139000,6,6,1958,620,1632,0
275,816,124500,5,7,1982,546,816,0
276,1548,205000,7,7,1925,0,952,596
277,1560,201000,7,5,2003,0,1560,0
278,864,141000,4,5,1951,120,864,0
279,2121,415298,9,5,2006,0,2121,0
280,2022,192000,7,5,1977,392,1156,866
281,1982,228500,7,6,1989,421,1175,807
282,1262,185000,6,5,2006,905,1262,0
283,1314,207500,7,5,2007,904,1314,0
284,1468,244600,8,5,2008,0,1468,0
285,1575,179200,6,5,1992,430,1575,0
286,1250,164700,7,5,2006,0,625,625
287,1734,159000,6,7,1962,600,1085,649
288,858,88000,4,4,1971,614,858,0
289,900,122000,5,5,1967,450,900,0
290,1396,153575,6,7,1915,0,698,698
291,1919,233230,8,5,2006,0,1079,840
292,1716,135900,5,6,1912,210,936,780
293,1716,131000,5,4,1949,292,1148,568
294,2263,235000,7,7,1977,795,1468,795
295,1644,167000,6,5,1953,1285,1644,0
296,1003,142500,6,6,1984,819,1003,0
297,1558,152000,5,5,1950,420,910,648
298,1950,239000,7,5,1997,649,975,975
299,1743,175000,6,6,1968,384,1041,702
300,1152,158500,6,8,1950,0,1152,0
301,1336,157000,5,5,1953,841,1336,0
302,2452,267000,8,5,1998,281,1210,1242
303,1541,205000,7,5,2001,0,1541,0
304,894,149900,5,7,1972,894,894,0
305,3493,295000,7,9,1880,0,1675,1818
306,2000,305900,8,5,2004,1464,2000,0
307,2243,225000,7,5,1990,700,1122,1121
308,1406,89500,6,7,1920,0,1035,371
309,861,82500,4,5,1940,262,861,0
310,1944,360000,9,5,2003,1274,1944,0
311,1501,165600,6,5,1993,518,697,804
312,972,132000,6,6,1948,680,972,0
313,1118,119900,5,7,1939,507,793,325
314,2036,375000,7,5,1965,1236,2036,0
315,1641,178000,7,7,1925,16,832,809
316,1432,188500,7,5,2004,425,716,716
317,2353,260000,7,7,1980,692,1153,1200
318,1959,270000,8,5,2006,0,1088,871
319,2646,260000,7,5,1993,987,1372,1274
320,1472,187500,7,5,1980,1036,1472,0
321,2596,342643,9,5,2006,0,1249,1347
322,2468,354000,8,5,2004,970,1136,1332
323,2730,301000,7,5,1986,28,1553,1177
324,1163,126175,3,8,1955,256,1163,0
325,2978,242000,7,7,1967,0,1898,1080
326,803,87000,5,6,1941,116,803,0
327,1719,324000,8,5,1993,1619,1719,0
328,1383,145250,6,5,1960,565,1383,0
329,2134,214500,6,6,1916,0,1445,689
330,1192,78000,5,5,1920,0,596,596
331,1728,119000,5,4,1964,40,1728,0
332,1056,139000,5,6,1958,846,1056,0
333,1629,284000,8,5,2003,1124,1629,0
334,1358,207000,7,5,2004,720,1358,0
335,1638,192000,6,5,1998,828,943,695
336,1786,228950,5,6,1965,1249,1619,167
337,1922,377426,9,5,2005,1249,1922,0
338,1536,214000,7,5,2002,810,1536,0
339,1621,202500,7,7,1984,213,1621,0
340,1215,155000,6,7,1958,585,1215,0
341,1908,202900,8,5,2002,0,993,915
342,841,82000,4,4,1950,0,841,0
343,1040,87500,3,4,1949,0,1040,0
344,1684,266000,9,5,2005,28,1684,0
345,1112,85000,5,3,1976,129,536,576
346,1577,140200,6,5,1939,0,972,605
347,958,151500,6,8,1960,498,958,0
348,1478,157500,6,5,1960,1270,1478,0
349,1626,154000,7,5,2003,573,764,862
350,2728,437154,9,5,2005,1410,1848,880
351,1869,318061,9,5,2007,0,1869,0
352,1453,190000,7,5,1986,1082,1453,0
353,1111,95000,5,6,1941,236,616,495
354,720,105900,6,8,1928,0,720,0
355,1595,140000,6,5,1940,388,1192,403
356,1200,177500,6,5,1995,334,1200,0
357,1167,173000,6,6,1992,560,1167,0
358,1142,134000,5,5,1976,874,1142,0
359,1352,130000,5,4,1958,300,1352,0
360,1924,280000,8,5,1998,956,1086,838
361,912,156000,6,6,1978,773,912,0
362,1505,145000,5,5,1940,399,988,517
363,1922,198500,7,5,2003,0,495,1427
364,987,118000,6,8,1972,162,483,504
365,1574,190000,6,5,1976,712,790,784
366,1344,147000,5,7,1920,456,672,672
367,1394,159000,6,5,1963,609,1394,0
368,1431,165000,6,5,1962,371,1431,0
369,1268,132000,5,6,1954,540,1268,0
370,1287,162000,5,7,1959,72,1287,0
371,1664,172400,6,5,2000,0,953,711
372,1588,134432,4,4,1959,0,1120,468
373,752,125000,6,5,1984,623,752,0
374,1319,123000,5,6,1953,428,1319,0
375,1928,219500,7,5,2003,0,847,1081
376,904,61000,1,1,1922,350,904,0
377,914,148000,5,5,1996,298,914,0
378,2466,340000,8,5,2004,0,1580,886
379,1856,394432,9,2,2010,1445,1856,0
380,1800,179000,6,5,2000,0,1007,793
381,1691,127000,5,6,1924,218,1026,665
382,1301,187750,7,5,2006,0,1301,0
383,1797,213500,7,5,2006,0,939,858
384,784,76000,6,3,1928,0,784,0
385,1953,240000,6,5,1992,985,1079,874
386,1269,192000,8,5,2004,24,1269,0
387,1184,81000,5,3,1910,0,658,526
388,1125,125000,6,6,1976,631,1125,0
389,1479,191000,7,5,1999,0,1479,0
390,2332,426000,10,5,2007,1280,1742,590
391,1367,119000,5,8,1900,241,961,406
392,1961,215000,6,5,2001,690,804,1157
393,882,106500,5,7,1959,0,882,0
394,788,100000,4,5,1941,266,788,0
395,1034,109000,5,6,1940,0,735,299
396,1144,129000,5,6,1956,739,1144,0
397,894,123000,5,5,1972,777,894,0
398,1812,169500,5,5,1962,540,876,936
399,1077,67000,5,2,1920,0,1077,0
400,1550,241000,7,5,2006,812,1112,438
401,1288,245500,8,5,1996,786,1288,0
402,1310,164990,7,5,2005,24,1310,0
403,672,108000,5,8,1940,0,672,0
404,2263,258000,8,5,1998,0,1165,1098
405,1572,168000,6,5,1995,0,806,766
406,1620,150000,4,4,1976,1116,1620,0
407,1639,115000,6,5,1936,0,1166,0
408,1680,177000,6,7,1915,0,840,840
409,2172,280000,7,5,2006,0,1071,1101
410,2078,339750,8,5,2007,789,1050,1028
411,1276,60000,5,3,1958,0,1276,0
412,1056,145000,5,5,1955,1056,1056,0
413,1478,222000,7,5,2009,578,1478,0
414,1028,115000,5,6,1927,0,1028,0
415,2097,228000,7,5,1993,50,1080,1017
416,1340,181134,7,5,2007,24,1340,0
417,1400,149500,6,7,1978,209,672,728
418,2624,239000,6,6,1918,1128,1370,1254
419,1134,126000,5,6,1940,312,756,378
420,1056,142000,5,6,1968,775,1056,0
421,1344,206300,7,5,1997,1309,1344,0
422,1602,215000,6,7,1977,1246,1602,0
423,988,113000,5,5,1954,0,988,0
424,2630,315000,8,5,1998,986,1470,1160
425,1196,139000,6,5,1956,616,1196,0
426,1389,135000,7,8,1946,0,707,682
427,1644,275000,7,5,1989,1518,1644,0
428,907,109008,4,6,1957,288,907,0
429,1208,195400,7,5,2007,664,1208,0
430,1412,175000,6,5,1988,1005,1412,0
431,987,85400,6,5,1971,387,483,504
432,1198,79900,6,7,1920,0,1088,110
433,1365,122500,5,5,1971,471,765,600
434,1604,181000,6,5,1997,0,926,678
435,630,81000,4,7,1972,495,630,0
436,1661,212000,7,6,1996,385,827,834
437,1118,116000,6,8,1920,0,734,384
438,904,119000,6,7,1926,0,904,0
439,694,90350,5,6,1913,365,694,0
440,1196,110000,6,8,1920,0,684,512
441,2402,555000,10,5,2008,1767,2402,0
442,1440,118000,4,4,1955,133,1440,0
443,1573,162900,5,7,1930,0,1128,445
444,1258,172500,7,5,2006,0,1258,0
445,1908,210000,7,5,1994,642,933,975
446,1689,127500,6,5,1956,0,1689,0
447,1888,190000,6,6,1966,247,1888,0
448,1886,199900,7,5,1998,0,956,930
449,1376,119500,6,6,1937,0,780,596
450,1183,120000,3,7,1948,331,679,504
451,813,110000,6,8,1930,0,813,0
452,1533,280000,7,5,1975,655,1533,0
453,1756,204000,6,5,1996,742,888,868
454,1590,210000,8,5,2008,0,786,804
455,1728,188000,5,5,1976,1606,1728,0
456,1242,175500,7,6,1973,916,1242,0
457,1344,98000,5,5,1916,0,624,720
458,1663,256000,4,6,1954,1116,1663,0
459,1666,161000,8,7,1925,0,833,833
460,1203,110000,5,4,1950,185,979,224
461,1935,263435,8,5,2009,544,832,1103
462,1135,155000,7,9,1936,350,575,560
463,864,62383,5,5,1965,553,864,0
464,1660,188700,6,7,1934,326,849,811
465,1040,124000,5,5,1978,616,1040,0
466,1414,178740,7,5,2004,0,1414,0
467,1277,167000,7,5,1970,778,1277,0
468,1644,146500,5,7,1942,386,888,756
469,1634,250000,8,5,2006,0,1634,0
470,1710,187000,6,5,1993,426,832,878
471,1502,212000,8,5,1985,368,1502,0
472,1969,190000,7,6,1977,0,1161,808
473,1072,148000,6,5,2005,459,1072,0
474,1976,440000,8,5,2006,1350,1976,0
475,1652,251000,8,5,2000,1196,1652,0
476,970,132500,5,6,1963,630,970,0
477,1493,208900,6,5,1997,994,1493,0
478,2643,380000,9,5,2006,0,2069,574
479,1718,297000,8,5,2007,1288,1718,0
480,1131,89471,4,7,1937,168,1131,0
481,1850,326000,9,5,2004,1261,1850,0
482,1792,374000,9,5,2003,1567,1792,0
483,1826,155000,7,8,1915,299,916,910
484,1216,164000,6,5,1998,897,1216,0
485,999,132500,5,7,1962,588,999,0
486,1113,147000,5,7,1950,607,1113,0
487,1073,156000,5,7,1965,836,1073,0
488,1484,175000,5,6,1971,998,1484,0
489,2414,160000,5,4,1900,664,1766,648
490,630,86000,4,8,1970,515,630,0
491,1304,115000,5,6,1976,0,616,688
492,1578,133000,6,7,1941,403,958,620
493,1456,172785,6,5,2006,0,728,728
494,1269,155000,5,6,1960,374,1269,0
495,886,91300,5,8,1938,0,886,0
496,720,34900,4,5,1920,495,720,0
497,3228,430000,8,5,1992,1231,3228,0
498,1820,184000,7,6,1925,329,1133,687
499,899,130000,5,7,1967,450,899,0
500,912,120000,5,7,1958,111,912,0
501,1218,113000,6,5,1973,356,672,546
502,1768,226700,7,5,2005,400,866,902
503,1214,140000,5,7,1965,698,1214,0
504,1801,289000,7,8,1959,1247,1801,0
505,1322,147000,6,5,1974,257,855,467
506,1960,124500,5,5,1952,0,960,1000
507,1911,215000,8,5,1993,380,1065,846
508,1218,208300,6,5,2009,27,1218,0
509,1378,161000,7,9,1928,141,689,689
510,1041,124500,5,6,1959,991,1041,0
511,1363,164900,5,7,1951,650,1363,0
512,1368,202665,7,5,2005,0,1368,0
513,864,129900,5,5,1958,521,864,0
514,1080,134000,6,5,1983,336,1080,0
515,789,96500,5,5,1926,0,789,0
516,2020,402861,10,5,2009,1436,2020,0
517,2119,158000,6,6,1972,0,1378,741
518,2344,265000,7,5,1996,0,1277,1067
519,1796,211000,6,5,1998,706,882,914
520,2080,234000,7,9,1926,0,1276,804
521,1294,106250,4,7,1900,0,694,600
522,1244,150000,6,6,1957,777,1244,0
523,1664,159000,6,7,1947,399,1004,660
524,4676,184750,10,5,2007,2260,3138,1538
525,2398,315750,7,5,1996,719,1383,1015
526,1266,176000,7,5,2005,0,1266,0
527,928,132000,5,7,1956,377,928,0
528,2713,446261,9,5,2008,1330,1476,1237
529,605,86000,4,7,1920,348,605,0
530,2515,200624,6,3,1957,1219,2515,0
531,1509,175000,6,5,1988,783,1509,0
532,1362,128000,6,8,1920,0,751,611
533,827,107500,5,7,1955,0,827,0
534,334,39300,1,3,1946,0,334,0
535,1414,178000,8,5,2004,0,707,707
536,1347,107500,5,7,1910,969,820,527
537,1724,188000,7,5,1998,0,880,844
538,864,111250,4,5,1972,600,864,0
539,1159,158000,5,5,1968,673,1159,0
540,1601,272000,8,5,2001,1358,1601,0
541,1838,315000,9,5,2006,1260,1838,0
542,2285,248000,8,5,2000,0,997,1288
543,1680,213250,7,5,1998,144,1680,0
544,767,133000,7,5,1998,584,767,0
545,1496,179665,7,5,2006,554,664,832
546,2183,229000,7,5,1988,1002,1377,806
547,1635,210000,6,7,1923,300,915,720
548,768,129500,5,7,1970,619,768,0
549,825,125000,5,7,1955,180,825,0
550,2094,263000,7,5,2003,0,912,1182
551,1069,140000,6,6,1977,559,1069,0
552,928,112500,5,6,1957,308,928,0
553,1717,255500,8,5,2006,0,1717,0
554,1126,108000,4,5,1949,0,1126,0
555,2046,284000,7,5,2003,866,1006,1040
556,1048,113000,5,6,1922,0,1048,0
557,1092,141000,5,5,1957,895,1092,0
558,1336,108000,4,6,1920,637,897,439
559,1446,175000,7,5,1996,604,729,717
560,1557,234000,7,5,2003,0,1557,0
561,1392,121500,5,6,1957,1302,1392,0
562,1389,170000,5,5,1974,1071,1389,0
563,996,108000,5,6,1940,290,996,0
564,1674,185000,6,7,1918,0,1163,511
565,2295,268000,7,5,1992,728,1166,1129
566,1647,128000,6,4,1915,0,841,806
567,2504,325000,9,5,2005,0,1134,1370
568,1535,214000,7,5,2004,2,1535,0
569,2132,316600,8,8,1983,1441,1496,636
570,943,135960,5,5,1979,943,943,0
571,1728,142600,5,5,1965,231,1728,0
572,864,120000,6,6,1959,414,864,0
573,1692,224500,7,5,2009,0,846,846
574,1430,170000,7,5,2000,0,774,656
575,1109,139000,5,7,1971,349,576,533
576,1216,118500,5,5,1947,442,832,384
577,1477,145000,7,7,1928,0,877,600
578,1320,164500,5,6,1966,328,1320,0
579,1392,146000,7,5,2007,0,703,689
580,1795,131500,5,5,1954,0,1050,745
581,1429,181900,6,6,1960,594,1429,0
582,2042,253293,8,5,2008,0,2042,0
583,816,118500,6,5,1990,816,816,0
584,2775,325000,10,9,1893,0,1521,1254
585,1573,133000,4,7,1935,0,989,584
586,2028,369900,8,5,2005,1460,2028,0
587,838,130000,6,7,1918,210,838,0
588,860,137000,5,6,1982,672,860,0
589,1473,143000,5,8,1968,1324,1473,0
590,935,79500,5,6,1930,0,779,0
591,1582,185900,7,5,2004,490,770,812
592,2296,451950,10,5,2008,1338,1728,568
593,816,138000,5,8,1982,816,816,0
594,848,140000,6,5,2003,685,848,0
595,924,110000,5,6,1975,0,924,0
596,1826,319000,8,5,2005,1422,1826,0
597,1368,114504,6,7,1910,0,684,684
598,1402,194201,7,5,2006,0,1402,0
599,1647,217500,5,6,1977,1283,1647,0
600,1556,151000,6,6,1980,81,716,840
601,1904,275000,8,5,2005,546,1058,846
602,1375,141000,6,6,1937,0,780,595
603,1915,220000,8,5,1992,789,927,988
604,1200,151000,7,5,2004,0,600,600
605,1494,221000,7,5,2002,922,1494,0
606,1986,205000,7,6,1965,454,1186,800
607,1040,152000,5,5,1996,732,1040,0
608,2008,225000,5,8,1948,603,1112,896
609,3194,359100,8,6,1934,428,1940,1254
610,1029,118500,4,5,1961,903,1029,0
611,2153,313000,9,5,2000,904,1476,677
612,1032,148000,6,6,1978,605,1032,0
613,1872,261500,8,5,2001,990,1299,573
614,1120,147000,5,5,2007,206,1120,0
615,630,75500,4,6,1972,150,630,0
616,1054,137500,6,7,1963,763,1054,0
617,1509,183200,6,5,2002,457,807,702
618,832,105500,6,6,1954,0,832,0
619,1828,314813,9,5,2007,48,1828,0
620,2262,305000,8,5,2003,871,1482,780
621,864,67000,3,3,1914,41,864,0
622,2614,240000,6,7,1974,956,1548,1066
623,980,135000,5,6,1977,560,980,0
624,1512,168500,6,5,2000,420,756,756
625,1790,165150,6,5,1972,247,1012,778
626,1116,160000,6,6,1962,0,1116,0
627,1422,139900,5,5,1960,0,1422,0
628,1520,153000,6,6,1955,674,1520,0
629,2080,135000,5,5,1969,650,1040,1040
630,1350,168500,6,5,1964,624,1350,0
631,1750,124000,5,6,1880,0,1089,661
632,1554,209500,8,5,2006,24,1554,0
633,1411,82500,7,5,1977,822,1411,0
634,1056,139400,5,7,1954,480,1056,0
635,1056,144000,6,5,1980,1056,1056,0
636,3395,200000,6,7,1914,256,1440,1440
637,800,60000,2,3,1936,0,800,0
638,1387,93000,5,4,1954,0,811,576
639,796,85000,5,7,1910,0,796,0
640,1567,264561,8,5,2006,1154,1567,0
641,1518,274000,8,5,2003,1218,1518,0
642,1929,226000,7,5,2001,738,1057,872
643,2704,345000,8,7,1972,1410,2000,704
644,1620,152000,5,5,1969,493,780,840
645,1766,370878,9,5,2009,1121,1766,0
646,981,143250,6,5,1971,282,981,0
647,1048,98300,5,5,1950,0,1048,0
648,1094,155000,6,5,1953,500,1094,0
649,1839,155000,6,5,1966,0,1051,788
650,630,84500,4,6,1970,131,630,0
651,1665,205950,7,6,2007,0,822,843
652,1510,108000,4,5,1940,0,755,755
653,1716,191000,7,5,1996,0,909,807
654,1469,135000,6,7,1906,0,756,713
655,2113,350000,8,6,1995,1696,2113,0
656,1092,88000,6,5,1971,0,525,567
657,1053,145500,5,7,1959,806,1053,0
658,1502,149000,7,6,1931,0,851,651
659,1458,97500,6,5,1948,0,912,546
660,1486,167000,5,7,1964,637,1486,0
661,1935,197900,7,7,1976,0,1142,793
662,2448,402000,8,7,1994,1361,1686,762
663,1392,110000,6,3,1968,0,1392,0
664,1181,137500,4,5,1972,920,1181,0
665,2097,423000,8,5,2005,1721,2097,0
666,1936,230500,8,5,2000,0,1454,482
667,2380,129000,6,5,1965,187,1465,915
668,1679,193500,6,5,1994,1138,1679,0
669,1437,168000,5,6,1956,988,1437,0
670,1180,137500,4,5,1922,0,1180,0
671,1476,173500,6,5,2005,193,738,738
672,1369,103600,6,6,1925,551,697,672
673,1208,165000,6,6,1977,767,1208,0
674,1839,257500,6,7,1957,1186,1839,0
675,1136,140000,6,6,1965,892,1136,0
676,1441,148500,6,6,1978,311,855,586
677,1774,87000,4,2,1900,0,1095,679
678,792,109500,5,8,1924,0,792,0
679,2046,372500,8,5,2008,0,2046,0
680,988,128500,5,5,1961,827,988,0
681,923,143000,6,5,1980,543,923,0
682,1520,159434,5,5,1932,182,848,672
683,1291,173000,6,5,1996,1003,1291,0
684,1668,285000,9,5,2002,1059,1668,0
685,1839,221000,7,5,1998,0,1195,644
686,2090,207500,7,5,1984,828,1190,900
687,1761,227875,7,6,2007,0,874,887
688,1102,148800,7,5,2004,239,551,551
689,1419,392000,8,6,2007,945,1419,0
690,1362,194700,6,5,2005,20,1362,0
691,848,141000,6,5,2004,697,848,0
692,4316,755000,10,6,1994,1455,2444,1872
693,2519,335000,7,5,1989,965,1238,1281
694,1073,108480,5,6,1921,0,1073,0
695,1539,141500,5,6,1936,0,1067,472
696,1137,176000,6,6,1987,980,1137,0
697,616,89000,5,7,1921,616,616,0
698,1148,123500,5,7,1952,210,1148,0
699,894,138500,5,8,1965,553,894,0
700,1391,196000,7,5,2004,16,1391,0
701,1800,312500,8,5,2002,1274,1800,0
702,1164,140000,7,5,1969,0,1164,0
703,2576,361919,8,5,2006,0,1264,1312
704,1812,140000,5,9,1900,0,1032,780
705,1484,213000,7,5,2004,712,1484,0
706,1092,55000,4,5,1930,0,372,720
707,1824,302000,7,5,1971,1219,1824,0
708,1324,254000,8,5,2006,863,1324,0
709,1456,179540,7,5,2007,0,728,728
710,904,109900,5,7,1966,0,904,0
711,729,52000,3,6,1935,0,729,0
712,1178,102776,4,7,1900,0,859,319
713,1228,189000,8,5,1988,767,1228,0
714,960,129000,4,5,1970,789,960,0
715,1479,130500,6,8,1976,533,725,754
716,1350,165000,6,5,1974,0,1350,0
717,2554,159500,7,8,1890,0,1576,978
718,1178,157000,5,6,1973,1084,1178,0
719,2418,341000,7,5,1993,1173,1325,1093
720,971,128500,5,6,1969,523,971,0
721,1742,275000,8,5,1985,1148,1742,0
722,848,143000,6,5,2004,662,848,0
723,864,124500,4,7,1970,191,864,0
724,1470,135000,4,6,1954,0,997,473
725,1698,320000,9,5,2007,1234,1698,0
726,864,120500,4,6,1970,375,864,0
727,1680,222000,6,9,1988,808,1680,0
728,1232,194500,7,5,2007,724,1232,0
729,1776,110000,5,5,1958,0,1776,0
730,1208,103000,4,5,1925,152,848,0
731,1616,236500,8,5,1995,1180,1616,0
732,1146,187500,7,5,2003,786,1146,0
733,2031,222500,7,5,1998,252,1153,878
734,1144,131400,5,6,1961,594,1144,0
735,948,108000,5,5,1968,0,948,0
736,1768,163000,7,7,1914,390,880,888
737,1040,93500,3,4,1950,0,1040,0
738,1801,239900,8,5,2005,0,901,900
739,1200,179000,5,5,1987,1200,1200,0
740,1728,190000,7,5,2004,0,864,864
741,1432,132000,5,7,1910,0,768,664
742,912,142000,6,8,1961,832,912,0
743,1349,179000,7,5,2000,0,1349,0
744,1464,175000,5,6,1963,444,1464,0
745,1337,180000,8,5,1993,733,1337,0
746,2715,299800,8,9,1976,575,1175,1540
747,2256,236000,7,5,2000,300,980,1276
748,2640,265979,7,7,1880,0,1320,1320
749,1720,260400,7,5,1996,919,1720,0
750,1529,98000,4,3,1945,0,1088,441
751,1140,96500,4,7,1910,0,792,348
752,1320,162000,7,5,2003,0,660,660
753,1494,217000,6,5,1997,1200,1494,0
754,2098,275500,8,5,2005,0,1038,1060
755,1026,156000,6,8,1969,439,1026,0
756,1471,172500,6,5,1999,381,742,729
757,1768,212000,8,5,2007,20,866,902
758,1386,158900,6,5,1978,438,672,714
759,1501,179400,7,5,1999,549,757,744
760,2531,290000,8,5,1995,56,1328,1203
761,864,127500,6,6,1959,612,864,0
762,1301,100000,5,5,1924,405,1301,0
763,1547,215200,7,5,2009,24,764,783
764,2365,337000,8,5,1999,1163,1268,1097
765,1494,270000,8,5,1995,437,1494,0
766,1506,264132,9,5,2008,0,1506,0
767,1714,196500,7,5,1988,394,980,734
768,1750,160000,6,7,1940,660,983,767
769,1836,216837,7,5,2004,24,1836,0
770,3279,538000,8,5,2003,1416,1690,1589
771,858,134900,5,5,1982,685,858,0
772,1220,102000,4,5,1951,836,1220,0
773,1117,107000,6,5,1976,422,1117,0
774,912,114500,5,5,1958,456,912,0
775,1973,395000,8,5,2006,0,1973,0
776,1204,162000,6,5,1998,866,1204,0
777,1614,221500,7,5,2005,20,1614,0
778,894,142500,5,5,1974,762,894,0
779,2020,144000,5,5,1977,0,2020,0
780,1004,135000,6,5,1977,975,1004,0
781,1253,176000,7,5,1995,0,1253,0
782,1603,175900,6,5,1992,387,810,793
783,1430,187100,7,5,2001,0,1430,0
784,1110,165500,5,6,1978,1097,1110,0
785,1484,128000,6,6,1914,0,742,742
786,1342,161500,6,5,1967,251,1342,0
787,1652,139000,5,6,1915,686,966,686
788,2084,233000,7,5,2004,656,956,1128
789,901,107900,4,7,1954,0,901,0
790,2087,187500,6,8,1966,568,976,1111
791,1145,160200,7,5,2005,16,1145,0
792,1062,146800,6,5,1976,539,1062,0
793,2013,269790,7,5,1996,862,1127,886
794,1496,225000,8,5,2007,0,1496,0
795,1895,194500,7,5,1994,0,1086,809
796,1564,171000,6,6,1980,0,888,676
797,1285,143500,6,5,1977,0,1285,0
798,773,110000,5,5,1953,570,773,0
799,3140,485000,9,5,2008,0,1966,1174
800,1768,175000,5,7,1937,569,981,787
801,1688,200000,6,5,1997,462,616,1072
802,1196,109900,4,7,1916,197,1196,0
803,1456,189000,7,5,2005,648,728,728
804,2822,582933,9,5,2008,0,1734,1088
805,1128,118000,5,5,1954,812,1128,0
806,1428,227680,7,5,2008,0,1428,0
807,980,135500,5,5,1967,400,980,0
808,1576,223500,5,6,1923,1309,1072,504
809,1086,159950,5,5,1966,516,1086,0
810,2138,106000,5,5,1898,0,1075,1063
811,1309,181000,6,6,1974,663,1309,0
812,848,144500,6,5,2004,662,848,0
813,1044,55993,5,5,1952,0,1044,0
814,1442,157900,6,6,1958,608,1442,0
815,1250,116000,5,7,1918,0,686,564
816,1661,224900,7,5,1998,0,1661,0
817,1008,137000,5,6,1954,486,1008,0
818,1689,271000,8,5,2002,1218,1689,0
819,1052,155000,6,7,1971,504,1052,0
820,1358,224000,7,5,2009,733,1358,0
821,1640,183000,7,5,2003,0,798,842
822,936,93000,4,4,1953,0,936,0
823,1733,225000,7,5,2003,0,847,886
824,1489,139500,6,7,1940,0,944,545
825,1489,232600,8,5,2006,0,1489,0
826,2084,385000,10,5,2007,1636,2084,0
827,784,109500,5,6,1924,784,784,0
828,1434,189000,7,5,2001,20,1434,0
829,2126,185000,5,5,1967,249,1160,966
830,1223,147400,7,5,2005,0,520,623
831,1392,166000,6,5,1957,1040,1392,0
832,1200,151000,7,5,2005,0,520,600
833,1829,237000,7,6,2003,483,941,888
834,1516,167000,6,6,1964,196,1516,0
835,1144,139950,5,6,1961,572,1144,0
836,1067,128000,4,7,1950,442,1067,0
837,1559,153500,5,6,1948,338,1559,0
838,987,100000,6,5,1973,330,483,504
839,1099,144000,5,6,1995,0,1099,0
840,1200,130500,5,6,1946,352,768,432
841,1482,140000,6,8,1925,156,810,672
842,1539,157500,5,8,1904,0,958,581
843,1165,174900,6,7,1966,312,1165,0
844,1800,141000,5,4,1961,0,1800,0
845,1416,153900,5,8,1915,0,876,540
846,1701,171000,5,5,1975,1390,1701,0
847,1775,213000,7,5,1993,513,1006,769
848,864,133500,5,6,1972,460,864,0
849,2358,240000,6,8,1908,0,1307,1051
850,1855,187000,6,7,1976,0,1094,761
851,848,131500,6,5,2003,659,848,0
852,1456,215000,8,5,2003,0,1456,0
853,1646,164000,7,5,1941,364,918,728
854,1445,158000,6,6,1964,564,1445,0
855,1779,170000,5,4,1955,306,1779,0
856,1040,127000,5,8,1962,659,1040,0
857,1026,147000,6,6,1978,505,1026,0
858,1481,174000,6,5,1994,0,702,779
859,1370,152000,7,5,1976,0,1370,0
860,2654,250000,6,7,1968,619,1512,1142
861,1426,189950,7,8,1918,0,912,514
862,1039,131500,5,4,1965,841,1039,0
863,1097,152000,6,5,1984,338,1097,0
864,1148,132500,5,5,1959,1148,1148,0
865,1372,250580,7,5,2007,0,1372,0
866,1002,148500,5,6,1970,828,1002,0
867,1646,248900,8,5,2006,0,1646,0
868,1120,129000,4,5,1961,932,1120,0
869,2320,169000,5,6,1948,0,1547,720
870,1949,236000,7,5,1993,750,1062,887
871,894,109500,5,5,1962,0,894,0
872,1682,200500,6,5,1998,505,804,878
873,910,116000,5,7,1953,0,910,0
874,1268,133000,5,7,1949,375,1036,0
875,1131,66500,5,6,1941,0,676,455
876,2610,303477,8,5,2007,64,1184,1426
877,1040,132250,4,5,1963,633,1040,0
878,2224,350000,9,5,2004,1170,1462,762
879,1155,148000,5,7,1961,899,1155,0
880,864,136500,5,8,1978,646,864,0
881,1090,157000,5,5,2005,980,1090,0
882,1717,187500,7,5,1990,902,1187,530
883,1593,178000,6,5,1992,0,808,785
884,2230,118500,4,5,1912,0,954,795
885,892,100000,5,5,1967,432,892,0
886,1709,328900,9,5,1999,1238,1709,0
887,1712,145000,5,5,1959,528,1712,0
888,1393,135500,5,7,1955,0,872,521
889,2217,268000,8,6,1970,351,2217,0
890,1505,149500,6,4,1953,1024,1505,0
891,924,122900,5,7,1949,0,672,252
892,1683,172500,6,5,1978,226,918,765
893,1068,154500,6,8,1963,663,1068,0
894,1383,165000,5,5,1954,1064,1383,0
895,1535,118858,5,5,1979,0,1535,0
896,1796,140000,6,5,1963,400,983,813
897,951,106500,4,6,1936,285,951,0
898,2240,142953,5,5,1979,0,1120,1120
899,2364,611657,9,5,2009,2188,2364,0
900,1236,135000,5,7,1961,465,1236,0
901,858,110000,4,6,1971,322,858,0
902,1306,153000,5,7,1957,860,1306,0
903,1509,180000,7,5,2003,0,807,702
904,1670,240000,7,5,2006,0,1670,0
905,902,125500,5,6,1967,599,902,0
906,1063,128000,5,5,1954,354,1063,0
907,1636,255000,8,5,2006,63,1636,0
908,2057,250000,7,7,1936,223,1020,1037
909,902,131000,5,5,1983,301,902,0
910,1484,174000,6,5,2005,0,742,742
911,2274,154300,5,5,1960,443,1105,1169
912,1268,143500,5,7,1977,196,1268,0
913,1015,88000,5,7,1925,489,1015,0
914,2002,145000,5,6,1949,284,1001,1001
915,1224,173733,6,5,2009,294,612,612
916,1092,75000,4,5,1970,0,546,546
917,480,35311,2,3,1949,50,480,0
918,1229,135000,4,6,1956,1059,1229,0
919,2127,238000,7,5,1991,48,912,1215
920,1414,176500,6,8,1958,528,1414,0
921,1721,201000,6,5,1994,814,936,785
922,2200,145900,5,7,1900,1084,1272,928
923,1316,169990,6,5,2005,28,1316,0
924,1617,193000,6,5,1993,165,1617,0
925,1686,207500,6,6,1980,625,1686,0
926,1126,175000,5,6,1977,767,1126,0
927,2374,285000,8,5,2003,0,1234,1140
928,1978,176000,7,5,1968,552,1098,880
929,1788,236500,8,5,2001,0,1788,0
930,2236,222000,7,5,1997,0,993,1243
931,1466,201000,8,5,2007,16,1466,0
932,925,117500,5,6,1965,338,925,0
933,1905,320000,9,5,2006,0,1905,0
934,1500,190000,7,5,2004,20,1500,0
935,2069,242000,7,7,1960,425,2069,0
936,747,79900,4,5,1926,0,747,0
937,1200,184900,7,5,2003,833,1200,0
938,1971,253000,7,5,2005,341,1113,858
939,1962,239799,7,5,2006,464,1391,571
940,2403,244400,7,7,1940,0,1207,1196
941,1728,150900,6,5,1976,936,1728,0
942,2060,214000,7,5,1999,772,1022,1038
943,1440,150000,4,3,1977,1440,1440,0
944,1632,143000,5,4,1967,0,1632,0
945,1344,137500,6,6,1958,111,1344,0
946,1869,124900,5,6,1890,1088,1188,561
947,1144,143000,5,6,1959,748,1144,0
948,1629,270000,8,5,2002,1300,1629,0
949,1776,192500,7,5,2002,0,936,840
950,1381,197500,6,7,1972,982,1381,0
951,864,129000,5,8,1950,398,864,0
952,965,119900,5,5,1965,641,965,0
953,768,133900,5,8,1972,660,768,0
954,1968,172000,5,4,1969,562,1168,800
955,980,127500,6,5,1975,945,980,0
956,1958,145000,6,6,1946,484,979,979
957,1229,124000,6,6,1980,285,561,668
958,1057,132000,5,5,1962,417,1057,0
959,1337,185000,7,5,2003,699,1337,0
960,1416,155000,7,5,1999,604,696,720
961,858,116500,5,7,1958,696,858,0
962,2872,272000,6,7,1977,896,1542,1330
963,1548,155000,6,6,1976,556,804,744
964,1800,239000,9,5,2007,0,1800,0
965,1894,214900,7,5,2002,624,824,1070
966,1484,178900,6,5,2005,0,783,701
967,1308,160000,5,7,1940,428,976,332
968,1098,135000,5,7,1955,902,1098,0
969,968,37900,3,6,1910,0,600,368
970,1095,140000,6,5,1958,513,1095,0
971,1192,135000,4,4,1949,0,720,472
972,1626,173000,7,5,2003,567,764,862
973,918,99500,6,5,1979,0,918,0
974,1428,182000,7,5,2007,0,1428,0
975,2019,167500,7,8,1910,0,1136,883
976,1382,165000,7,5,2000,641,673,709
977,869,85500,4,7,1923,0,869,0
978,1241,199900,7,5,2006,1106,1241,0
979,894,110000,4,5,1954,552,894,0
980,1121,139000,5,6,1963,651,1121,0
981,999,178400,7,9,1961,867,999,0
982,2612,336000,8,5,1998,854,1276,1336
983,1266,159895,7,5,2007,0,1266,0
984,2290,255900,8,5,2002,0,1149,1141
985,1734,126000,5,5,1977,0,1302,432
986,1164,125000,5,5,1950,1040,1164,0
987,1635,117000,6,8,1910,0,1001,634
988,1940,395192,9,5,2009,1646,1940,0
989,2030,195000,6,6,1976,156,1118,912
990,1576,197000,7,5,2006,0,778,798
991,2392,348000,8,5,1997,1074,1407,985
992,1742,168000,8,9,1882,216,916,826
993,1851,187000,6,8,1964,536,1020,831
994,1500,173900,6,5,2005,0,750,750
995,1718,337500,10,5,2006,1172,1718,0
996,1230,121600,4,7,1946,384,774,456
997,1050,136500,5,6,1961,915,1050,0
998,1442,185000,6,6,1970,0,1442,0
999,1077,91000,3,4,1922,0,1077,0
1000,1208,206000,7,5,2006,686,1208,0
1001,944,82000,3,3,1952,0,944,0
1002,691,86000,5,6,1920,0,691,0
1003,1574,232000,8,5,2006,24,1574,0
1004,1680,136905,5,6,1976,0,1680,0
1005,1504,181000,7,5,2005,16,1504,0
1006,985,149900,5,8,1977,595,985,0
1007,1657,163500,6,3,1970,1237,1657,0
1008,1092,88000,4,4,1970,273,546,546
1009,1710,240000,7,5,2004,0,1710,0
1010,1522,102000,5,5,1926,0,1008,0
1011,1271,135000,5,5,1948,0,720,551
1012,1664,100000,5,5,1965,0,1664,0
1013,1502,165000,6,7,1923,0,900,602
1014,1022,85000,5,4,1910,247,1022,0
1015,1082,119200,6,5,1948,336,1082,0
1016,1665,227000,8,6,2001,643,810,855
1017,1504,203000,7,5,1996,690,1504,0
1018,1360,187500,8,5,1984,1036,1360,0
1019,1472,160000,7,5,1991,0,802,670
1020,1506,213490,7,5,2005,16,1506,0
1021,1132,176000,4,5,2005,1024,1132,0
1022,1220,194000,7,5,2006,684,1220,0
1023,1248,87000,5,5,1930,324,912,336
1024,1504,191000,7,5,2005,16,1504,0
1025,2898,287000,8,6,1976,1165,2898,0
1026,882,112500,5,5,1972,138,882,0
1027,1264,167500,5,5,1960,697,1264,0
1028,1646,293077,8,5,2007,1513,1646,0
1029,1376,105000,5,5,1941,368,968,408
1030,1218,118000,6,7,1972,317,672,546
1031,1928,160000,5,8,1916,0,948,980
1032,3082,197000,7,3,1920,523,1687,998
1033,2520,310000,8,7,1993,1012,1352,1168
1034,1654,230000,7,5,2002,986,1654,0
1035,954,119750,5,7,1938,0,954,0
1036,845,84000,4,3,1957,0,845,0
1037,1620,315500,9,5,2007,1022,1620,0
1038,2263,287000,8,5,2001,0,1055,1208
1039,1344,97000,4,6,1970,0,798,546
1040,630,80000,4,4,1970,509,630,0
1041,1803,155000,5,4,1957,168,1803,0
1042,1632,173000,6,8,1966,400,800,832
1043,1306,196000,6,5,2005,900,1306,0
1044,2329,262280,7,5,1990,1085,1532,797
1045,2524,278000,8,5,1981,1104,2524,0
1046,1733,139600,3,5,1955,0,1733,0
1047,2868,556581,9,5,2005,240,1992,876
1048,990,145000,5,5,1994,686,990,0
1049,1771,115000,5,4,1960,0,1771,0
1050,930,84900,4,7,1946,0,930,0
1051,1302,176485,7,5,2007,0,1302,0
1052,1316,200141,7,5,2007,0,1316,0
1053,1977,165000,6,6,1964,442,1127,850
1054,1526,144500,5,6,1957,383,1526,0
1055,1989,255000,8,5,2002,932,1091,898
1056,1523,180000,6,5,1976,644,1523,0
1057,1364,185850,7,5,2005,659,1364,0
1058,1850,248000,7,6,1994,595,979,871
1059,2184,335000,9,5,2008,936,1130,1054
1060,1991,220000,6,7,1932,297,1096,895
1061,1338,213500,8,5,2001,616,1338,0
1062,894,81000,3,4,1935,0,894,0
1063,2337,90000,5,5,1900,0,1422,915
1064,1103,110500,6,6,1925,397,1103,0
1065,1154,154000,5,6,1966,740,1154,0
1066,2260,328000,7,5,1996,1201,1306,954
1067,1571,178000,6,7,1993,0,799,772
1068,1611,167900,6,6,1964,674,798,813
1069,2521,151400,6,4,1973,837,1291,1230
1070,893,135000,5,7,1949,220,893,0
1071,1048,135000,5,5,1956,586,1048,0
1072,1556,154000,6,6,1968,298,829,727
1073,1456,91500,5,3,1948,0,1002,454
1074,1426,159500,6,6,1977,535,698,728
1075,1240,194000,7,5,2006,0,1240,0
1076,1740,219500,7,6,1940,410,960,780
1077,1466,170000,5,8,1936,626,1096,370
1078,1096,138800,5,5,1969,75,1096,0
1079,848,155900,6,5,2004,662,848,0
1080,990,126000,5,5,1994,495,990,0
1081,1258,145000,6,7,1971,656,1258,0
1082,1040,133000,5,5,1963,824,1040,0
1083,1459,192000,7,5,2002,0,1459,0
1084,1251,160000,6,6,1964,553,1251,0
1085,1498,187500,6,5,1995,592,691,807
1086,996,147000,6,6,1992,747,996,0
1087,1092,83500,4,5,1973,334,546,546
1088,1953,252000,8,5,2005,0,1082,871
1089,1709,137500,7,5,2004,0,970,739
1090,1247,197000,8,5,2005,1039,1247,0
1091,1040,92900,3,4,1950,0,1040,0
1092,1252,160000,7,5,1999,510,624,628
1093,1694,136500,6,5,1925,423,1390,304
1094,1200,146000,5,8,1965,661,1200,0
1095,936,129000,5,7,1956,248,936,0
1096,1314,176432,6,5,2006,24,1314,0
1097,1355,127000,6,7,1914,0,773,582
1098,1088,170000,8,5,1986,0,1088,0
1099,1324,128000,4,6,1936,672,757,567
1100,1601,157000,7,5,1978,704,1601,0
1101,438,60000,2,5,1920,290,438,0
1102,950,119500,5,5,1971,412,950,0
1103,1134,135000,5,7,1960,588,1134,0
1104,1194,159500,6,6,1959,655,1194,0
1105,1302,106000,5,5,1970,0,630,672
1106,2622,325000,8,5,1994,1032,1500,1122
1107,1442,179900,7,5,1990,738,1442,0
1108,2021,274725,7,5,2006,0,887,1134
1109,1690,181000,6,5,2000,0,948,742
1110,1836,280000,8,5,2004,1039,1836,0
1111,1658,188000,6,5,1995,219,773,885
1112,1964,205000,7,6,1976,403,1098,866
1113,816,129900,5,7,1957,708,816,0
1114,1008,134500,5,7,1953,643,1008,0
1115,833,117000,5,7,1954,415,833,0
1116,1734,318000,8,5,2007,1004,1734,0
1117,1419,184100,8,5,2002,353,779,640
1118,894,130000,5,7,1967,702,894,0
1119,1601,140000,5,6,1958,0,1021,580
1120,1040,133700,5,5,1959,369,1040,0
1121,1012,118400,6,5,1920,0,1012,0
1122,1552,212900,7,5,2005,24,1552,0
1123,960,112000,4,3,1956,0,960,0
1124,698,118000,5,9,1947,0,698,0
1125,1482,163900,7,5,1992,0,812,670
1126,1005,115000,4,5,1955,0,1005,0
1127,1555,174000,7,5,2007,0,1555,0
1128,1530,259000,7,5,2004,1300,1530,0
1129,1959,215000,7,5,2004,0,847,1112
1130,936,140000,5,5,1980,936,936,0
1131,1981,135000,4,3,1928,622,1328,653
1132,974,93500,5,5,1991,212,974,0
1133,2210,117500,6,4,1880,0,1178,1032
1134,2020,239500,8,5,1995,584,1142,878
1135,1600,169000,6,5,1997,0,916,684
1136,986,102000,6,5,1926,0,986,0
1137,1252,119000,6,5,1950,280,1032,220
1138,1020,94000,5,8,1875,0,780,240
1139,1567,196000,6,5,1977,1567,1567,0
1140,1167,144000,5,5,1920,645,1167,0
1141,952,139000,5,7,1951,852,952,0
1142,1868,197500,5,7,1976,381,1088,780
1143,2828,424870,8,5,2006,1150,1466,1362
1144,1006,80000,5,3,1959,288,1006,0
1145,924,80000,4,4,1941,348,672,252
1146,1576,149000,5,6,1928,0,1042,534
1147,1298,180000,6,5,1985,1258,1298,0
1148,1564,174500,7,7,1941,275,860,704
1149,1111,116900,7,7,1926,0,572,539
1150,1482,143000,7,9,1920,624,832,650
1151,932,124000,6,5,1950,0,932,0
1152,1466,149900,5,4,1959,176,1466,0
1153,1811,230000,6,7,1956,296,1811,0
1154,816,120500,6,8,1930,538,816,0
1155,1820,201800,7,6,1965,454,902,918
1156,1437,218000,5,8,1976,1157,1437,0
1157,1265,179900,5,8,1965,633,1265,0
1158,1314,230000,7,5,2007,904,1314,0
1159,1580,235128,8,5,2007,0,1580,0
1160,1876,185000,6,6,1974,442,943,933
1161,1456,146000,6,5,1978,311,855,601
1162,1640,224000,6,7,1954,728,1640,0
1163,894,129000,5,5,1968,492,894,0
1164,1258,108959,4,4,1969,1198,1258,0
1165,1432,194000,5,7,1978,680,1432,0
1166,1502,233170,7,5,2009,0,1502,0
1167,1694,245350,8,5,2008,0,1694,0
1168,1671,173000,6,5,2000,786,959,712
1169,2108,235000,6,7,1935,626,1236,872
1170,3627,625000,10,5,1995,1387,1831,1796
1171,1118,171000,6,6,1977,522,1118,0
1172,1261,163000,6,6,1958,662,1261,0
1173,1250,171900,7,5,2006,0,625,625
1174,3086,200500,5,6,1946,152,1636,971
1175,2345,239000,6,8,1932,503,1170,1175
1176,2872,285000,8,5,1992,700,2129,743
1177,923,119500,5,5,1984,658,923,0
1178,1224,115000,6,8,1926,468,818,406
1179,1343,154900,5,6,1921,0,820,523
1180,1124,93000,5,5,1954,0,1124,0
1181,2514,250000,7,5,1990,1216,1298,1216
1182,1652,392500,8,5,2008,1480,1652,0
1183,4476,745000,10,5,1996,2096,2411,2065
1184,1130,120000,5,6,1920,821,1130,0
1185,1572,186700,5,4,1963,1159,1572,0
1186,1221,104900,5,7,1924,392,949,272
1187,1699,95000,3,5,1900,440,1014,685
1188,1624,262000,8,5,1994,1456,1624,0
1189,1660,195000,7,5,2002,0,831,829
1190,1804,189000,7,5,1999,0,1028,776
1191,1622,168000,4,4,1961,1159,1622,0
1192,1441,174000,8,5,1999,0,764,677
1193,1472,125000,5,8,1925,0,842,630
1194,1224,165000,6,5,1999,883,1224,0
1195,1352,158000,6,7,1969,371,663,689
1196,1456,176000,6,5,2005,0,728,728
1197,1863,219210,7,5,2006,0,879,984
1198,1690,144000,7,6,1916,0,815,875
1199,1212,178000,7,5,2001,0,1212,0
1200,1382,148000,4,5,1963,547,1382,0
1201,864,116050,4,5,1970,0,864,0
1202,1779,197900,7,5,1998,0,866,913
1203,1348,117000,5,8,1925,0,884,464
1204,1630,213000,7,5,2000,0,1630,0
1205,1074,153500,5,6,1975,788,1074,0
1206,2196,271900,7,7,1990,485,2196,0
1207,1056,107000,4,4,1966,1056,1056,0
1208,1700,200000,6,5,2003,340,1700,0
1209,1283,140000,5,7,1962,504,1283,0
1210,1660,290000,8,5,2006,1220,1660,0
1211,1845,189000,6,5,1992,0,1055,790
1212,1752,164000,8,7,1988,427,1080,672
1213,672,113000,4,6,1941,344,672,0
1214,960,145000,4,9,1965,648,960,0
1215,999,134500,5,5,1962,784,999,0
1216,894,125000,5,5,1966,180,894,0
1217,1902,112000,6,5,1978,0,1318,584
1218,1314,229456,8,5,2009,936,1314,0
1219,912,80500,4,5,1947,0,672,240
1220,1218,91500,6,5,1971,0,672,546
1221,912,115000,5,5,1964,312,912,0
1222,1211,134000,5,5,1968,250,1211,0
1223,1846,143000,6,6,1949,196,1168,678
1224,2136,137900,5,3,1951,756,2136,0
1225,1490,184000,7,5,2004,724,788,702
1226,1138,145000,6,8,1958,507,1138,0
1227,1933,214000,6,5,2007,0,894,1039
1228,912,147000,5,8,1965,595,912,0
1229,1702,367294,9,5,2008,1540,1702,0
1230,1507,127000,5,5,1960,666,1507,0
1231,2620,190000,5,5,1977,498,1361,1259
1232,1190,132500,5,6,1962,803,1190,0
1233,1224,101800,4,5,1962,0,1224,0
1234,1188,142000,5,5,1959,1000,1188,0
1235,1964,130000,5,6,1911,0,1024,940
1236,1784,138887,5,5,1914,0,892,892
1237,1626,175500,7,5,2003,0,764,862
1238,1948,195000,7,5,2004,0,847,1101
1239,1141,142500,6,5,2005,0,1141,0
1240,1484,265900,8,5,2006,428,1484,0
1241,1768,224900,7,5,2003,550,884,884
1242,1689,248328,7,6,2007,0,1689,0
1243,1173,170000,7,6,1974,885,1173,0
1244,2076,465000,10,5,2006,1386,2076,0
1245,1517,230000,8,7,1929,0,792,725
1246,1868,178000,6,7,1984,0,1140,728
1247,1553,186500,7,5,2005,0,756,797
1248,1034,169900,6,5,1976,539,1034,0
1249,2058,129500,6,5,1917,319,1134,924
1250,988,119000,5,7,1950,534,988,0
1251,2110,244000,7,5,1968,1065,2110,0
1252,1405,171750,7,5,2003,0,1405,0
1253,874,130000,5,6,1968,510,874,0
1254,2167,294000,7,7,1974,125,1516,651
1255,1656,165400,7,5,2003,0,760,896
1256,1367,127500,6,6,1931,425,959,408
1257,1987,301500,8,5,1994,1314,1987,0
1258,864,99900,5,8,1922,0,864,0
1259,1166,190000,7,5,2005,655,1166,0
1260,1054,151000,6,8,1969,602,1054,0
1261,1675,181000,6,5,1999,0,892,783
1262,1050,128900,5,6,1956,504,1050,0
1263,1788,161500,4,5,1957,0,1104,684
1264,1824,180500,6,6,1919,0,1060,764
1265,1337,181000,6,5,1998,266,1337,0
1266,1452,183900,7,5,1999,450,713,739
1267,1889,122000,7,4,1910,0,964,925
1268,2018,378500,9,5,2008,0,2018,0
1269,3447,381000,8,9,1935,192,1968,1479
1270,1524,144000,5,5,1958,460,874,650
1271,1524,260000,7,6,1979,1258,1332,192
1272,1489,185750,6,7,1968,0,1489,0
1273,935,137000,5,6,1965,560,935,0
1274,1357,177000,6,7,1959,719,1357,0
1275,1250,139000,5,6,1910,0,661,589
1276,1920,137000,5,5,1948,220,928,992
1277,1395,162000,6,6,1972,593,735,660
1278,1724,197900,6,5,1967,528,1724,0
1279,2031,237000,8,5,2002,804,1128,903
1280,1128,68400,4,4,1920,0,698,430
1281,1573,227000,7,5,2002,788,1573,0
1282,1339,180000,7,5,1990,1053,1339,0
1283,1040,150500,5,7,1977,532,1040,0
1284,1824,139000,6,5,1971,0,912,912
1285,2447,169000,6,7,1919,0,1699,748
1286,1412,132500,6,6,1939,0,825,587
1287,1328,143000,6,5,1963,569,1328,0
1288,1582,190000,5,5,1964,812,1582,0
1289,1659,278000,8,5,2000,1158,1659,0
1290,1970,281000,8,5,2006,0,1120,850
1291,1152,180500,5,7,1964,1014,1152,0
1292,1302,119500,5,7,1972,231,630,672
1293,2372,107500,5,4,1892,0,1378,994
1294,1664,162900,7,5,1976,194,832,832
1295,864,115000,5,7,1955,167,864,0
1296,1052,138500,5,5,1968,1016,1052,0
1297,1128,155000,5,6,1963,776,1128,0
1298,1072,140000,6,5,2005,547,1072,0
1299,5642,160000,10,5,2008,5644,4692,950
1300,1246,154000,5,7,1959,340,1246,0
1301,1983,225000,7,5,1999,694,1005,978
1302,1494,177500,6,7,1942,547,753,741
1303,2526,290000,8,5,1994,740,1203,1323
1304,1616,232000,7,5,2005,0,1616,0
1305,1708,130000,7,5,2004,0,976,732
1306,1652,325000,9,5,2006,1572,1652,0
1307,1368,202500,7,5,2005,0,1368,0
1308,990,138000,5,5,1994,746,990,0
1309,1122,147000,5,7,1948,144,1122,0
1310,1294,179200,6,5,1991,1200,1294,0
1311,1902,335000,7,8,1959,1406,1902,0
1312,1274,203000,7,5,2005,925,1274,0
1313,2810,302000,8,5,1990,482,1453,1357
1314,2599,333168,9,5,1999,0,1422,1177
1315,948,119000,4,6,1954,732,948,0
1316,2112,206900,6,5,1969,500,1092,1020
1317,1630,295493,8,5,2008,0,1630,0
1318,1352,208900,7,5,2006,0,1352,0
1319,1787,275000,8,5,2001,0,1787,0
1320,948,111000,4,5,1954,492,948,0
1321,1478,156500,6,3,1957,189,1478,0
1322,720,72500,3,6,1949,0,720,0
1323,1923,190000,7,5,1992,674,1061,862
1324,708,82500,4,7,1940,280,708,0
1325,1795,147000,8,5,2006,0,1795,0
1326,796,55000,4,4,1922,0,796,0
1327,774,79000,3,6,1931,544,774,0
1328,816,130500,5,9,1982,641,816,0
1329,2792,256000,6,7,1920,493,1584,1208
1330,1632,176500,7,5,1998,0,955,677
1331,1588,227000,8,5,2006,0,1588,0
1332,954,132500,5,5,1976,483,954,0
1333,816,100000,4,6,1938,690,816,0
1334,1360,125500,5,6,1938,0,803,557
1335,1365,125000,5,6,1970,765,765,600
1336,1334,167900,6,5,1977,686,1334,0
1337,1656,135000,5,5,1973,0,1656,0
1338,693,52500,4,4,1941,0,693,0
1339,1861,200000,7,5,2002,700,920,941
1340,864,128500,5,7,1972,360,864,0
1341,872,123000,4,5,1971,0,872,0
1342,1114,155000,6,5,2003,814,1114,0
1343,2169,228500,8,5,2002,0,1284,885
1344,1913,177000,6,6,1928,0,1172,741
1345,1456,155835,7,5,2006,0,728,728
1346,960,108500,4,4,1920,250,960,0
1347,2156,262500,7,7,1968,297,2156,0
1348,1776,283463,8,5,2006,80,1776,0
1349,1494,215000,7,5,1998,1443,1494,0
1350,2358,122000,8,5,1872,259,938,1215
1351,2634,200000,5,5,1969,500,1338,1296
1352,1716,171000,6,6,1962,319,858,858
1353,1176,134900,6,9,1937,0,786,390
1354,3238,410000,8,5,1995,816,2053,1185
1355,1865,235000,7,5,2000,735,992,873
1356,1920,170000,7,6,1968,0,1222,698
1357,892,110000,5,5,1966,340,892,0
1358,1078,149900,5,6,1971,734,1078,0
1359,1573,177500,6,5,2000,378,769,804
1360,1980,315000,9,5,2004,1447,1980,0
1361,2601,189000,5,6,1921,0,990,1611
1362,1530,260000,7,5,2005,1274,1530,0
1363,1738,104900,4,4,1920,0,1281,457
1364,1412,156932,6,5,2006,0,616,796
1365,1200,144152,7,5,2005,0,520,600
1366,1674,216000,7,5,2000,533,814,860
1367,1790,193000,7,5,1999,633,882,908
1368,1475,127000,5,6,1977,548,925,550
1369,848,144000,6,5,2003,685,848,0
1370,1668,232000,8,5,2003,370,1668,0
1371,1374,105000,4,6,1920,315,840,534
1372,1661,165500,6,6,1955,831,1661,0
1373,2097,274300,7,6,1998,975,1108,989
1374,2633,466500,10,5,2001,1282,2633,0
1375,1958,250000,7,5,2005,0,1026,932
1376,1571,239000,8,5,2007,0,1571,0
1377,790,91000,6,5,1930,384,790,0
1378,1604,117000,5,5,1941,408,984,620
1379,987,83000,6,5,1973,309,483,504
1380,1394,167500,5,5,2006,0,754,640
1381,864,58500,3,3,1914,203,864,0
1382,2117,237500,6,7,1970,865,2117,0
1383,1762,157000,7,7,1920,0,998,764
1384,1416,112000,5,7,1918,0,1416,0
1385,1258,105000,6,5,1939,204,698,560
1386,1154,125500,4,8,1922,735,796,358
1387,2784,250000,7,5,1978,790,1392,1392
1388,2526,136000,6,7,1916,168,1664,862
1389,1746,377500,9,5,2006,1320,1746,0
1390,1218,131000,6,6,1941,375,869,349
1391,1525,235000,7,5,2000,1400,1525,0
1392,1584,124000,5,5,1967,0,1584,0
1393,900,123000,5,5,1967,769,900,0
1394,1912,163000,6,7,1905,0,1221,691
1395,1500,246578,7,5,2006,1070,1500,0
1396,2482,281213,8,5,2005,0,1133,1349
1397,1687,160000,5,5,1948,353,1687,0
1398,1513,137500,5,8,1920,0,939,574
1399,1904,138000,5,4,1950,180,1136,768
1400,1608,137450,6,6,1925,264,1160,448
1401,1158,120000,6,7,1929,0,950,208
1402,1593,193000,6,5,2004,759,864,729
1403,1294,193879,7,5,2006,0,1294,0
1404,1464,282922,8,5,2007,929,1464,0
1405,1214,105000,3,4,1915,0,694,520
1406,1646,275000,8,5,2004,1373,1646,0
1407,768,133000,5,7,1972,656,768,0
1408,833,112000,5,5,1985,625,833,0
1409,1363,125500,4,7,1910,0,741,622
1410,2093,215000,7,6,1986,0,1236,857
1411,1840,230000,7,5,2001,666,944,896
1412,1668,140000,6,8,1950,120,1112,556
1413,1040,90000,4,5,1949,0,1040,0
1414,1844,257000,8,5,2005,976,1844,0
1415,1848,207000,6,7,1923,0,1053,795
1416,1569,175900,7,5,2007,988,1569,0
1417,2290,122500,4,6,1885,0,1246,1044
1418,2450,340000,8,5,1998,781,1310,1140
1419,1144,124000,5,5,1963,25,1144,0
1420,1844,223000,6,5,1969,1110,1844,0
1421,1416,179900,6,6,1968,404,708,708
1422,1069,127500,6,5,1977,360,1069,0
1423,848,136500,6,5,2003,686,848,0
1424,2201,274970,6,7,1966,0,1575,626
1425,1344,144000,5,5,1958,457,1344,0
1426,1252,142000,6,6,1959,0,1252,0
1427,2127,271000,7,5,1994,1000,1223,904
1428,1558,140000,5,6,1945,580,1048,510
1429,804,119000,5,7,1940,510,804,0
1430,1440,182900,6,7,1981,678,1440,0
1431,1838,192140,5,5,2005,0,734,1104
1432,958,143750,6,6,1976,958,958,0
1433,968,64500,4,6,1927,0,968,0
1434,1792,186500,6,5,2000,0,962,830
1435,1126,160000,5,5,1977,936,1126,0
1436,1537,174000,6,9,1962,0,1537,0
1437,864,120500,4,6,1971,616,864,0
1438,1932,394617,8,5,2008,1336,1932,0
1439,1236,149700,6,7,1957,600,1236,0
1440,1725,197000,7,6,1979,315,1040,685
1441,2555,191000,6,7,1922,0,1423,748
1442,848,149300,6,5,2004,697,848,0
1443,2007,310000,10,5,2008,765,1026,981
1444,952,121000,6,6,1916,0,952,0
1445,1422,179600,7,5,2004,0,1422,0
1446,913,129000,6,5,1966,187,913,0
1447,1188,157900,5,7,1962,593,1188,0
1448,2090,240000,8,5,1995,1079,1220,870
1449,1346,112000,4,7,1910,0,796,550
1450,630,92000,5,7,1970,553,630,0
1451,1792,136000,5,5,1974,0,896,896
1452,1578,287090,8,5,2008,0,1578,0
1453,1072,145000,5,5,2005,547,1072,0
1454,1140,84500,5,5,2006,0,1140,0
1455,1221,185000,7,5,2004,410,1221,0
1456,1647,175000,6,5,1999,0,953,694
1457,2073,210000,6,6,1978,790,2073,0
1458,2340,266500,7,9,1941,275,1188,1152
1459,1078,142125,5,6,1950,49,1078,0
1460,1256,147500,5,6,1965,830,1256,0